INSERT INTO users (id, email, password_hash, nickname, bio, wallet_balance_cents)
VALUES
  ('11111111-1111-1111-1111-111111111111', 'ityctota@example.com', '$2a$10$.9Fw4tAv9fM.QrrUqDGZRuB4hSXW/8CPVt8Nq2H791iTQFpGQxfhy', 'ITYCTOTA', 'Любит RPG, стратегии и короткие вечерние сессии.', 750000),
  ('22222222-2222-2222-2222-222222222222', 'mira@example.com', '$2a$10$.9Fw4tAv9fM.QrrUqDGZRuB4hSXW/8CPVt8Nq2H791iTQFpGQxfhy', 'Mira', 'Исследует новые сезоны и собирает карты событий.', 420000),
  ('33333333-3333-3333-3333-333333333333', 'oleg@example.com', '$2a$10$.9Fw4tAv9fM.QrrUqDGZRuB4hSXW/8CPVt8Nq2H791iTQFpGQxfhy', 'Oleg', 'Играет в симуляторы и тактические стратегии.', 280000),
  ('44444444-4444-4444-4444-444444444444', 'nika@example.com', '$2a$10$.9Fw4tAv9fM.QrrUqDGZRuB4hSXW/8CPVt8Nq2H791iTQFpGQxfhy', 'Nika', 'Пишет отзывы и участвует в турнирах.', 180000)
ON CONFLICT (email) DO UPDATE
SET
  password_hash = EXCLUDED.password_hash,
  nickname = EXCLUDED.nickname,
  bio = EXCLUDED.bio,
  wallet_balance_cents = EXCLUDED.wallet_balance_cents;

INSERT INTO genres (id, name)
VALUES
  ('aaaaaaaa-0000-0000-0000-000000000001', 'RPG'),
  ('aaaaaaaa-0000-0000-0000-000000000002', 'Гонки'),
  ('aaaaaaaa-0000-0000-0000-000000000003', 'Симулятор'),
  ('aaaaaaaa-0000-0000-0000-000000000004', 'Стратегия'),
  ('aaaaaaaa-0000-0000-0000-000000000005', 'Инди'),
  ('aaaaaaaa-0000-0000-0000-000000000006', 'Хоррор')
ON CONFLICT (name) DO NOTHING;

INSERT INTO tags (id, name)
VALUES
  ('bbbbbbbb-0000-0000-0000-000000000001', 'Sci-Fi'),
  ('bbbbbbbb-0000-0000-0000-000000000002', 'Co-op'),
  ('bbbbbbbb-0000-0000-0000-000000000003', 'Story'),
  ('bbbbbbbb-0000-0000-0000-000000000004', 'Online'),
  ('bbbbbbbb-0000-0000-0000-000000000005', 'Tactics'),
  ('bbbbbbbb-0000-0000-0000-000000000006', 'Relax')
ON CONFLICT (name) DO NOTHING;

INSERT INTO games (id, slug, title, description, price_cents, rating, cover_tone, cover_tone_two)
VALUES
  ('10000000-0000-0000-0000-000000000001', 'starfall', 'Starfall Odyssey', 'Космическая ролевая игра с экспедициями, командой спутников и сезонными заданиями.', 249000, 4.8, '#8B5CF6', '#38BDF8'),
  ('10000000-0000-0000-0000-000000000002', 'neon-runners', 'Neon Runners', 'Ночные городские заезды, рейтинги друзей и короткие сессии на 10 минут.', 149000, 4.6, '#38BDF8', '#22C55E'),
  ('10000000-0000-0000-0000-000000000003', 'iron-valley', 'Iron Valley', 'Производственный симулятор с цепочками ресурсов, заказами и городским развитием.', 199000, 4.7, '#F59E0B', '#8B5CF6'),
  ('10000000-0000-0000-0000-000000000004', 'moon-station', 'Moon Station', 'Кооперативная тактика на лунной базе: кислород, защита отсеков и эвакуации.', 129000, 4.5, '#5B7CFA', '#38BDF8'),
  ('10000000-0000-0000-0000-000000000005', 'crystal-tactics', 'Crystal Tactics', 'Пошаговые дуэли с героями, короткими партиями и прозрачной системой рангов.', 219000, 4.9, '#FB7185', '#F59E0B'),
  ('10000000-0000-0000-0000-000000000006', 'old-forest', 'Old Forest', 'Небольшое приключение о старом лесничестве, дневниках и тихих прогулках.', 69000, 4.4, '#22C55E', '#F59E0B')
ON CONFLICT (slug) DO NOTHING;

INSERT INTO game_genres (game_id, genre_id)
VALUES
  ('10000000-0000-0000-0000-000000000001', 'aaaaaaaa-0000-0000-0000-000000000001'),
  ('10000000-0000-0000-0000-000000000002', 'aaaaaaaa-0000-0000-0000-000000000002'),
  ('10000000-0000-0000-0000-000000000003', 'aaaaaaaa-0000-0000-0000-000000000003'),
  ('10000000-0000-0000-0000-000000000004', 'aaaaaaaa-0000-0000-0000-000000000004'),
  ('10000000-0000-0000-0000-000000000005', 'aaaaaaaa-0000-0000-0000-000000000004'),
  ('10000000-0000-0000-0000-000000000006', 'aaaaaaaa-0000-0000-0000-000000000005')
ON CONFLICT DO NOTHING;

INSERT INTO game_tags (game_id, tag_id)
VALUES
  ('10000000-0000-0000-0000-000000000001', 'bbbbbbbb-0000-0000-0000-000000000001'),
  ('10000000-0000-0000-0000-000000000001', 'bbbbbbbb-0000-0000-0000-000000000002'),
  ('10000000-0000-0000-0000-000000000002', 'bbbbbbbb-0000-0000-0000-000000000004'),
  ('10000000-0000-0000-0000-000000000004', 'bbbbbbbb-0000-0000-0000-000000000002'),
  ('10000000-0000-0000-0000-000000000004', 'bbbbbbbb-0000-0000-0000-000000000005'),
  ('10000000-0000-0000-0000-000000000005', 'bbbbbbbb-0000-0000-0000-000000000005'),
  ('10000000-0000-0000-0000-000000000006', 'bbbbbbbb-0000-0000-0000-000000000003'),
  ('10000000-0000-0000-0000-000000000006', 'bbbbbbbb-0000-0000-0000-000000000006')
ON CONFLICT DO NOTHING;

INSERT INTO purchases (user_id, game_id, amount_cents)
VALUES
  ('11111111-1111-1111-1111-111111111111', '10000000-0000-0000-0000-000000000001', 249000),
  ('11111111-1111-1111-1111-111111111111', '10000000-0000-0000-0000-000000000002', 149000),
  ('11111111-1111-1111-1111-111111111111', '10000000-0000-0000-0000-000000000003', 199000);

INSERT INTO library_items (user_id, game_id)
VALUES
  ('11111111-1111-1111-1111-111111111111', '10000000-0000-0000-0000-000000000001'),
  ('11111111-1111-1111-1111-111111111111', '10000000-0000-0000-0000-000000000002'),
  ('11111111-1111-1111-1111-111111111111', '10000000-0000-0000-0000-000000000003')
ON CONFLICT DO NOTHING;

INSERT INTO reviews (user_id, game_id, rating, text)
VALUES
  ('44444444-4444-4444-4444-444444444444', '10000000-0000-0000-0000-000000000001', 5, 'Сильная атмосфера и понятный темп без лишнего гринда.'),
  ('33333333-3333-3333-3333-333333333333', '10000000-0000-0000-0000-000000000001', 4, 'Лучше всего играть вечером: миссии короткие, но цепляют.')
ON CONFLICT (user_id, game_id) DO NOTHING;

INSERT INTO groups (id, slug, title, description, creator_id, cover_tone, cover_tone_two)
VALUES
  ('20000000-0000-0000-0000-000000000001', 'space-rpg', 'Космические RPG', 'Сообщество для игроков, которые проходят сюжетные космические RPG, собирают экспедиции и публикуют разборы сезонных событий.', '22222222-2222-2222-2222-222222222222', '#8B5CF6', '#38BDF8'),
  ('20000000-0000-0000-0000-000000000002', 'tactics', 'Тактический клуб', 'Группа для пошаговых стратегий, дуэлей, турнирных сеток и разборов тактических партий.', '44444444-4444-4444-4444-444444444444', '#FB7185', '#F59E0B')
ON CONFLICT (slug) DO NOTHING;

INSERT INTO group_members (group_id, user_id, role)
VALUES
  ('20000000-0000-0000-0000-000000000001', '11111111-1111-1111-1111-111111111111', 'member'),
  ('20000000-0000-0000-0000-000000000001', '22222222-2222-2222-2222-222222222222', 'admin'),
  ('20000000-0000-0000-0000-000000000002', '44444444-4444-4444-4444-444444444444', 'admin')
ON CONFLICT DO NOTHING;

INSERT INTO group_posts (id, group_id, author_id, title, text)
VALUES
  ('30000000-0000-0000-0000-000000000001', '20000000-0000-0000-0000-000000000001', '22222222-2222-2222-2222-222222222222', 'Карта редких событий сезона', 'Обновила маршруты для трех орбитальных цепочек и добавила отметки наград за вход.'),
  ('30000000-0000-0000-0000-000000000002', '20000000-0000-0000-0000-000000000002', '44444444-4444-4444-4444-444444444444', 'Сетка турнира на выходные', 'Открыла регистрацию на 32 участника, первые матчи начинаются в субботу вечером.')
ON CONFLICT (id) DO NOTHING;

INSERT INTO group_comments (id, post_id, author_id, text)
VALUES
  ('31000000-0000-0000-0000-000000000001', '30000000-0000-0000-0000-000000000001', '11111111-1111-1111-1111-111111111111', 'Отметки наград помогли быстрее закрыть вторую цепочку.'),
  ('31000000-0000-0000-0000-000000000002', '30000000-0000-0000-0000-000000000002', '33333333-3333-3333-3333-333333333333', 'Можно добавить резервный слот для участников, которые не успеют подтвердить участие.')
ON CONFLICT (id) DO NOTHING;

INSERT INTO group_likes (post_id, user_id)
VALUES
  ('30000000-0000-0000-0000-000000000001', '11111111-1111-1111-1111-111111111111'),
  ('30000000-0000-0000-0000-000000000002', '11111111-1111-1111-1111-111111111111')
ON CONFLICT DO NOTHING;

INSERT INTO game_activity (user_id, game_id, activity_date, minutes)
VALUES
  ('11111111-1111-1111-1111-111111111111', '10000000-0000-0000-0000-000000000001', CURRENT_DATE - INTERVAL '1 day', 95),
  ('11111111-1111-1111-1111-111111111111', '10000000-0000-0000-0000-000000000002', CURRENT_DATE - INTERVAL '2 days', 42),
  ('11111111-1111-1111-1111-111111111111', '10000000-0000-0000-0000-000000000003', CURRENT_DATE - INTERVAL '4 days', 70);

INSERT INTO user_posts (id, user_id, text)
VALUES
  ('40000000-0000-0000-0000-000000000001', '11111111-1111-1111-1111-111111111111', 'Сегодня добрал пару коротких сессий в Starfall Odyssey и уже вижу, куда пойдёт следующий апдейт.'),
  ('40000000-0000-0000-0000-000000000002', '11111111-1111-1111-1111-111111111111', 'Спокойный вечер под тактику и без лишнего шума. Как раз тот темп, который мне нужен.'),
  ('40000000-0000-0000-0000-000000000003', '11111111-1111-1111-1111-111111111111', 'Собрал заметки по нескольким играм из списка и оставил всё в ленте, чтобы не потерять идеи.')
ON CONFLICT DO NOTHING;

INSERT INTO friendships (user_id, friend_id)
VALUES
  ('11111111-1111-1111-1111-111111111111', '22222222-2222-2222-2222-222222222222'),
  ('22222222-2222-2222-2222-222222222222', '11111111-1111-1111-1111-111111111111')
ON CONFLICT DO NOTHING;
